id;name;jobposition;phone;departement
1;calculate networks;Account modular Concrete;(361) 633-1164 x507;Assistant
2;maximized;Sleek;1-765-480-3444 x3173;Granite
3;National;Granite;1-614-511-3012 x36917;Jersey time-frame
4;deposit Soap Marketing;Devolved rich;(641) 941-2005 x6595;Bike
5;North bluetooth Bike;functionalities;711-327-7042;quantify Home
6;National;24/7;306-216-9512 x969;sensor
7;Corners;monetize Malaysia;942-374-2326 x5670;Baby
8;Upgradable Unbranded;SMS SMTP customized;283-246-9766;back
9;Unbranded;Finland;780-446-8342 x018;Poland Administrator Sports
10;Assimilated;Market Expanded;999.771.7958 x05081;virtual
